artist,tags,album,year,record_label,title,lyrics
Pollo,"['Hip Hop', 'Rap', 'Romântico']",Sete Sete Sete,2014,Som Livre,Ó Quem Voltou,
Pollo,"['Hip Hop', 'Rap', 'Romântico']",Sete Sete Sete,2014,Som Livre,Meu Mundo (Part. Kito),"['eu', 'quero', 'te', 'mostrar', 'o', 'que', 'a', 'noite', 'tem', 'pra', 'te', 'dar', 'se', 'entregue', 'e', 'deixa', 'levar', 'do', 'meu', 'mundo', 'você', 'vai', 'gostar', 'vem', 'que', 'tá', 'bom', 'bom', 'curtindo', 'esse', 'som', 'som', 'gosto', 'quando', 'dança', 'me', 'olhando', 'me', 'deixa', 'doidão', 'ei', 'cê', 'tem', 'o', 'dom', 'dom', 'vamo', 'brindar', 'que', 'hoje', 'à', 'noite', 'não', 'tem', 'fim', 'não', 'e', 'o', 'que', 'era', 'impossível', 'pra', 'nós', 'hoje', 'é', 'normal', 'eu', 'vivo', 'tudo', 'isso', 'do', 'início', 'até', 'o', 'final', 'se', 'tá', 'tudo', 'bem', 'ok', 'senão', 'nada', 'mal', 'han', 'tornando', 'cada', 'momento', 'especial', 'é', 'que', 'te', 'vi', 'daqui', 'sozinha', 'com', 'o', 'drink', 'na', 'mão', 'pensei', 'mano', 'porque', 'não', 'não', 'tenho', 'nada', 'a', 'perder', 'eu', 'que', 'nem', 'sou', 'de', 'fazer', 'isso', 'era', 'um', 'cara', 'de', 'compromisso', 'enfim', 'cheguei', 'aqui', 'até', 'você', 'então', 'vou', 'ser', 'direto', 'meu', 'papo', 'é', 'sempre', 'reto', 'han', 'posso', 'não', 'parecer', 'mas', 'sou', 'o', 'cara', 'certo', 'linda', 'vem', 'que', 'eu', 'te', 'mostro', 'o', 'lado', 'bom', 'da', 'vida', 'comigo', 'cê', 'sempre', 'será', 'bem', 'vinda', 'até', 'que', 'a', 'nossa', 'missão', 'seja', 'cumprida', 'então', 'vem', 'logo', 'que', 'vou', 'te', 'mostrar', 'eu', 'quero', 'te', 'mostrar', 'o', 'que', 'a', 'noite', 'tem', 'pra', 'te', 'dar', 'se', 'entregue', 'e', 'deixa', 'levar', 'do', 'meu', 'mundo', 'você', 'vai', 'gostar', 'vem', 'que', 'tá', 'bom', 'bom', 'curtindo', 'esse', 'som', 'som', 'gosto', 'quando', 'dança', 'me', 'olhando', 'me', 'deixa', 'doidão', 'ei', 'cê', 'tem', 'o', 'dom', 'dom', 'vamo', 'brindar', 'que', 'hoje', 'à', 'noite', 'não', 'tem', 'fim', 'não', 'hey', 'olha', 'pra', 'mim', 'nosso', 'lance', 'é', 'proibido', 'e', 'eu', 'gosto', 'assim', 'quando', 'chega', 'perto', 'e', 'no', 'ouvido', 'fala', 'baixim', 'você', 'me', 'conhece', 'bem', 'sabe', 'que', 'eu', 'tô', 'afim', 'hey', 'deixa', 'eu', 'falar', 'você', 'rouba', 'a', 'cena', 'quando', 'começa', 'a', 'dançar', 'se', 'tamo', 'junto', 'peço', 'pra', 'hora', 'não', 'passar', 'te', 'quero', 'de', 'verdade', 'você', 'pode', 'acreditar', 'então', 'deixa', 'rolar', 'hoje', 'a', 'cena', 'é', 'nossa', 'e', 'você', 'pode', 'pá', 'que', 'eu', 'quero', 'te', 'mostrar', 'o', 'que', 'a', 'noite', 'tem', 'pra', 'te', 'dar', 'se', 'entregue', 'e', 'deixa', 'levar', 'do', 'meu', 'mundo', 'você', 'vai', 'gostar', 'vem', 'que', 'tá', 'bom', 'bom', 'curtindo', 'esse', 'som', 'som', 'gosto', 'quando', 'dança', 'me', 'olhando', 'me', 'deixa', 'doidão', 'ei', 'cê', 'tem', 'o', 'dom', 'dom', 'vamo', 'brindar', 'que', 'hoje', 'à', 'noite', 'não', 'tem', 'fim', 'não', 'quero', 'te', 'mostrar', 'que', 'é', 'nóis', 'que', 'tá', 'que', 'amor', 'é', 'o', 'que', 'tá', 'tendo', 'eu', 'tenho', 'pra', 'te', 'dar', 'é', 'desse', 'jeito', 'vem', 'comigo', 'que', 'é', 'sucesso', 'eu', 'te', 'ganhei', 'a', 'noite', 'inteira', 'linda', 'eu', 'confesso', 'um', 'pouco', 'de', 'excesso', 'de', 'paixão', 'coisas', 'de', 'verão', 'amores', 'mudam', 'igual', 'muda', 'estação', 'e', 'tá', 'firmão', 'eu', 'te', 'passei', 'meu', 'telefone', 'pode', 'me', 'ligar', 'porque', 'é', 'tudo', 'no', 'meu', 'nome', 'eu', 'quero', 'te', 'mostrar', 'o', 'que', 'a', 'noite', 'tem', 'pra', 'te', 'dar', 'se', 'entregue', 'e', 'deixa', 'levar', 'do', 'meu', 'mundo', 'você', 'vai', 'gostar', 'vem', 'que', 'tá', 'bom', 'bom', 'curtindo', 'esse', 'som', 'som', 'gosto', 'quando', 'dança', 'me', 'olhando', 'me', 'deixa', 'doidão', 'ei', 'cê', 'tem', 'o', 'dom', 'dom', 'vamo', 'brindar', 'que', 'hoje', 'à', 'noite', 'não', 'tem', 'fim', 'não', 'eu', 'quero', 'te', 'mostrar', 'o', 'que', 'a', 'noite', 'tem', 'pra', 'te', 'dar', 'se', 'entregue', 'e', 'deixa', 'levar', 'do', 'meu', 'mundo', 'você', 'vai', 'gostar', 'vem', 'que', 'tá', 'bom', 'bom', 'curtindo', 'esse', 'som', 'som', 'gosto', 'quando', 'dança', 'me', 'olhando', 'me', 'deixa', 'doidão', 'hey']"
Pollo,"['Hip Hop', 'Rap', 'Romântico']",Sete Sete Sete,2014,Som Livre,Atração,
Pollo,"['Hip Hop', 'Rap', 'Romântico']",Sete Sete Sete,2014,Som Livre,Seis da Matina,"['seis', 'horas', 'da', 'manhã', 'o', 'sol', 'me', 'instiga', 'cê', 'ainda', 'com', 'duas', 'amigas', 'querendo', 'tumultuar', 'vem', 'embora', 'que', 'agora', 'cê', 'tá', 'comigo', 'e', 'não', 'corre', 'mais', 'perigo', 'nem', 'se', 'o', 'mundo', 'acabar', 'seis', 'horas', 'da', 'manhã', 'o', 'sol', 'me', 'instiga', 'cê', 'ainda', 'com', 'duas', 'amigas', 'querendo', 'tumultuar', 'vem', 'embora', 'que', 'agora', 'cê', 'tá', 'comigo', 'e', 'não', 'corre', 'mais', 'perigo', 'nem', 'se', 'o', 'mundo', 'acabar', 'tomim', 'seis', 'da', 'matina', 'você', 'e', 'duas', 'mina', 'eu', 'com', 'o', 'zoin', 'vermelho', 'da', 'china', 'coisa', 'fina', 'vida', 'de', 'classe', 'se', 'meu', 'carro', 'falasse', 'mano', 'que', 'fase', 'que', 'eu', 'tô', 'passando', 'ressaca', 'já', 'bateu', 'chega', 'tomim', 'ganhando', 'sigo', 'rimando', 'falando', 'que', 'o', 'adriel', 'tinha', 'virado', 'adriano', 'jão', 'que', 'rolê', 'insano', 'disseram', 'que', 'minha', 'ex', 'tá', 'na', 'porta', 'esperando', 'que', 'que', 'eu', 'tô', 'fazendo', 'que', 'que', 'eu', 'tô', 'falando', 'elas', 'me', 'puxando', 'eu', 'vou', 'sair', 'voando', 'seis', 'horas', 'da', 'manhã', 'o', 'sol', 'me', 'instiga', 'cê', 'ainda', 'com', 'duas', 'amigas', 'querendo', 'tumultuar', 'vem', 'embora', 'que', 'agora', 'cê', 'tá', 'comigo', 'e', 'não', 'corre', 'mais', 'perigo', 'nem', 'se', 'o', 'mundo', 'acabar', 'seis', 'horas', 'da', 'manhã', 'o', 'sol', 'me', 'instiga', 'cê', 'ainda', 'com', 'duas', 'amigas', 'querendo', 'tumultuar', 'vem', 'embora', 'que', 'agora', 'cê', 'tá', 'comigo', 'e', 'não', 'corre', 'mais', 'perigo', 'nem', 'se', 'o', 'mundo', 'acabar', 'adriel', 'ok', 'deixa', 'comigo', 'que', 'agora', 'eu', 'desenrolo', 'ela', 'só', 'quer', 'fazer', 'rolê', 'com', 'os', 'cara', 'do', 'pollo', 'senta', 'no', 'meu', 'colo', 'perguntando', 'se', 'eu', 'namoro', 'respondi', 'que', 'não', 'ela', 'disse', 'adoro', 'lembrei', 'da', 'minha', 'mãe', 'filho', 'tenha', 'juízo', 'cuidado', 'com', 'essas', 'mina', 'que', 'é', 'prejuízo', 'por', 'isso', 'que', 'eu', 'nem', 'briso', 'evito', 'a', 'fadiga', 'na', 'bandida', 'quer', 'me', 'dar', 'me', 'liga', 'vai', 'que', 'vinga', 'sabe', 'bem', 'como', 'é', 'que', 'é', 'não', 'querendo', 'ser', 'pá', 'mas', 'tem', 'várias', 'no', 'meu', 'pé', 'tô', 'te', 'querendo', 'só', 'se', 'também', 'você', 'quiser', 'é', 'cê', 'pode', 'ser', 'minha', 'mulher', 'cê', 'pode', 'ser', 'minha', 'mulher', 'é', 'pode', 'ser', 'minha', 'mulher', 'vem', 'vem', 'vem', 'seis', 'horas', 'da', 'manhã', 'o', 'sol', 'me', 'instiga', 'cê', 'ainda', 'com', 'duas', 'amigas', 'querendo', 'tumultuar', 'vem', 'embora', 'que', 'agora', 'cê', 'tá', 'comigo', 'e', 'não', 'corre', 'mais', 'perigo', 'nem', 'se', 'o', 'mundo', 'acabar', 'seis', 'horas', 'da', 'manhã', 'o', 'sol', 'me', 'instiga', 'cê', 'ainda', 'com', 'duas', 'amigas', 'querendo', 'tumultuar', 'vem', 'embora', 'que', 'agora', 'cê', 'tá', 'comigo', 'e', 'não', 'corre', 'mais', 'perigo', 'nem', 'se', 'o', 'mundo', 'acabar']"
Pollo,"['Hip Hop', 'Rap', 'Romântico']",Sete Sete Sete,2014,Som Livre,Solta na Noite (Part. Sorriso Maroto),"['quantas', 'vezes', 'você', 'ligou', 'e', 'ele', 'não', 'te', 'atendeu', 'finalmente', 'você', 'se', 'tocou', 'que', 'ele', 'nunca', 'te', 'pertenceu', 'tá', 'solta', 'na', 'noite', 'convoca', 'suas', 'amigas', 'põe', 'sua', 'melhor', 'roupa', 'e', 'sai', 'vai', 'vai', 'e', 'ela', 'falou', 'que', 'vai', 'embora', 'carona', 'já', 'tá', 'lá', 'fora', 'junta', 'suas', 'coisas', 'se', 'segura', 'mas', 'não', 'chora', 'já', 'viu', 'que', 'tava', 'na', 'hora', 'ela', 'se', 'apressa', 'e', 'vai', 'percebeu', 'que', 'agora', 'é', 'ela', 'que', 'não', 'quer', 'mais', 'se', 'afasta', 'do', 'que', 'não', 'mais', 'te', 'faz', 'bem', 'ela', 'quer', 'paz', 'também', 'então', 'corre', 'atrás', 'e', 'tem', 'o', 'que', 'ninguém', 'mais', 'tem', 'como', 'sempre', 'nada', 'te', 'impede', 'e', 'ela', 'nem', 'fica', 'na', 'bad', 'atrás', 'de', 'um', 'sentimento', 'bom', 'que', 'não', 'se', 'mede', 'quantas', 'vezes', 'você', 'ligou', 'e', 'ele', 'não', 'te', 'atendeu', 'finalmente', 'você', 'se', 'tocou', 'que', 'ele', 'nunca', 'te', 'pertenceu', 'tá', 'solta', 'na', 'noite', 'convoca', 'suas', 'amigas', 'põe', 'sua', 'melhor', 'roupa', 'e', 'sai', 'vai', 'vai', 'quantas', 'vezes', 'você', 'ligou', 'e', 'ele', 'não', 'te', 'atendeu', 'finalmente', 'você', 'se', 'tocou', 'que', 'ele', 'nunca', 'te', 'pertenceu', 'tá', 'solta', 'na', 'noite', 'convoca', 'suas', 'amigas', 'põe', 'sua', 'melhor', 'roupa', 'e', 'sai', 'vai', 'vai', 'não', 'deu', 'moral', 'você', 'perdeu', 'ela', 'tá', 'mais', 'linda', 'e', 'o', 'problema', 'é', 'seu', 'cê', 'me', 'entendeu', 'ham', 'cê', 'que', 'sabe', 'agora', 'chora', 'bateu', 'saudade', 'tá', 'solta', 'na', 'noite', 'com', 'as', 'amiga', 'na', 'madruga', 'só', 'quer', 'ser', 'feliz', 'e', 'no', 'romance', 'ela', 'dá', 'fuga', 'tem', 'coisa', 'que', 'não', 'muda', 'solteira', 'é', 'bem', 'melhor', 'você', 'não', 'deu', 'valor', 'e', 'hoje', 'vive', 'na', 'pior', 'porque', 'vacilou', 'sem', 'caô', 'ela', 'só', 'quer', 'curtir', 'não', 'quer', 'um', 'novo', 'amor', 'vacilo', 'sem', 'caô', 'ela', 'só', 'quer', 'curtir', 'não', 'quer', 'um', 'novo', 'amor', 'quantas', 'vezes', 'você', 'ligou', 'e', 'ele', 'não', 'te', 'atendeu', 'finalmente', 'você', 'se', 'tocou', 'que', 'ele', 'nunca', 'te', 'pertenceu', 'tá', 'solta', 'na', 'noite', 'convoca', 'suas', 'amigas', 'põe', 'sua', 'melhor', 'roupa', 'e', 'sai', 'vai', 'vai', 'quantas', 'vezes', 'você', 'ligou', 'e', 'ele', 'não', 'te', 'atendeu', 'finalmente', 'você', 'se', 'tocou', 'que', 'ele', 'nunca', 'te', 'pertenceu', 'tá', 'solta', 'na', 'noite', 'convoca', 'suas', 'amigas', 'põe', 'sua', 'melhor', 'roupa', 'e', 'sai', 'vai', 'vai', 'sai', 'vai', 'vai', 'sai', 'vai', 'vai', 'sai', 'vai', 'vai', 'quantas', 'vezes', 'você', 'ligou', 'e', 'ele', 'não', 'te', 'atendeu', 'finalmente', 'você', 'se', 'tocou', 'que', 'ele', 'nunca', 'te', 'pertenceu', 'tá', 'solta', 'na', 'noite', 'convoca', 'suas', 'amigas', 'põe', 'sua', 'melhor', 'roupa', 'e', 'sai', 'vai', 'vai', 'quantas', 'vezes', 'você', 'ligou', 'e', 'ele', 'não', 'te', 'atendeu', 'finalmente', 'você', 'se', 'tocou', 'que', 'ele', 'nunca', 'te', 'pertenceu', 'tá', 'solta', 'na', 'noite', 'convoca', 'suas', 'amigas', 'põe', 'sua', 'melhor', 'roupa', 'e', 'sai', 'vai', 'vai']"
Pollo,"['Hip Hop', 'Rap', 'Romântico']",Sete Sete Sete,2014,Som Livre,"Namastê, Salamaleico","['oh', 'quem', 'voltou', 'o', 'mais', 'maloca', 'da', 'quebrada', 'é', 'que', 'meu', 'bonde', 'é', 'brabo', 'por', 'isso', 'as', 'minas', 'se', 'entrega', 'não', 'nega', 'quando', 'eu', 'chego', 'de', 'meca', 'e', 'cê', 'não', 'guenta', 'é', 'só', 'zika', 'do', 'baile', 'com', 'pegada', 'violenta', 'não', 'inventa', 'buxixo', 'que', 'meu', 'bonde', 'tá', 'formado', 'máquina', 'de', 'hit', 'deixa', 'os', 'cara', 'preocupado', 'novamente', 'só', 'linha', 'de', 'frente', 'liga', 'pras', 'amiga', 'quando', 'eu', 'chego', 'o', 'ambiente', 'fica', 'quente', 'namastê', 'salamaleico', 'elas', 'querem', 'os', 'que', 'vem', 'do', 'gueto', 'namastê', 'salamaleico', 'elas', 'querem', 'os', 'que', 'vem', 'do', 'gueto', 'ela', 'só', 'quer', 'maloqueiro', 'só', 'quer', 'vagabundo', 'tá', 'toda', 'perdida', 'então', 'se', 'joga', 'no', 'meu', 'mundo', 'só', 'quer', 'maloqueiro', 'só', 'quer', 'vagabundo', 'tá', 'toda', 'perdida', 'então', 'se', 'joga', 'no', 'meu', 'mundo', 'só', 'quer', 'maloqueiro', 'só', 'quer', 'vagabundo', 'tá', 'toda', 'perdida', 'então', 'se', 'joga', 'no', 'meu', 'mundo', 'só', 'quer', 'maloqueiro', 'só', 'quer', 'vagabundo', 'tá', 'toda', 'perdida', 'então', 'se', 'joga', 'no', 'meu', 'mundo', 'magrelo', 'chavão', 'sim', 'desde', 'dos', '12', 'sei', 'bem', 'de', 'onde', 'eu', 'vim', 'então', 'não', 'faço', 'pose', 'o', 'que', 'ela', 'viu', 'em', 'mim', 'hã', 'vê', 'se', 'entende', 'tem', 'coisa', 'que', 'não', 'compra', 'e', 'nem', 'vende', 'tem', 'que', 'saber', 'chegar', 'saber', 'quem', 'já', 'teve', 'lá', 'só', 'quem', 'ficou', 'sem', 'sabe', 'bem', 'o', 'que', 'valorizar', 'bem', 'vindo', 'ao', 'nosso', 'lar', 'que', 'não', 'tem', 'limite', 'aproveita', 'agora', 'é', 'seu', 'tudo', 'o', 'que', 'existe', 'namastê', 'salamaleico', 'elas', 'querem', 'os', 'que', 'vem', 'gueto', 'namastê', 'salamaleico', 'elas', 'querem', 'os', 'que', 'vem', 'gueto', 'ela', 'só', 'que', 'maloqueiro', 'só', 'quer', 'vagabundo', 'tá', 'toda', 'perdida', 'então', 'se', 'joga', 'no', 'meu', 'mundo', 'só', 'quer', 'maloqueiro', 'só', 'quer', 'vagabundo', 'tá', 'toda', 'perdida', 'então', 'se', 'joga', 'no', 'meu', 'mundo', 'só', 'quer', 'maloqueiro', 'só', 'quer', 'vagabundo', 'tá', 'toda', 'perdida', 'então', 'se', 'joga', 'no', 'meu', 'mundo', 'só', 'quer', 'maloqueiro', 'só', 'quer', 'vagabundo', 'tá', 'toda', 'perdida', 'então', 'se', 'joga', 'no', 'meu', 'mundo']"
Pollo,"['Hip Hop', 'Rap', 'Romântico']",Sete Sete Sete,2014,Som Livre,"Igual A Você, Não Tem (part. Lucas Dcan)",
Pollo,"['Hip Hop', 'Rap', 'Romântico']",Sete Sete Sete,2014,Som Livre,Fiesta Muy Loka,"['fui', 'numa', 'festa', 'muito', 'louca', 'com', 'as', 'minas', 'tirando', 'a', 'roupa', 'umas', 'com', 'as', 'outras', 'só', 'querendo', 'me', 'beijar', 'fui', 'lá', 'no', 'fundo', 'do', 'bailinho', 'e', 'trombei', 'o', 'danilinho', 'ele', 'logo', 'citou', 'se', 'eu', 'quero', 'chá', 'me', 'destaquei', 'de', 'canto', 'pouco', 'manco', 'trancos', 'e', 'barrancos', 'os', 'bicos', 'espanco', 'se', 'na', 'banca', 'tenta', 'me', 'tirar', 'tô', 'me', 'jogando', 'desse', 'bang', 'vou', 'colar', 'com', 'as', 'cara', 'sangue', 'que', 'hoje', 'reside', 'na', 'praia', 'do', 'guarujá', 'pego', 'umas', 'ondas', 'fumo', 'pontas', 'ninguém', 'paga', 'as', 'minhas', 'contas', 'então', 'então', 'então', 'então', 'não', 'venha', 'me', 'fala', 'fiesta', 'muy', 'loka', 'com', 'as', 'minas', 'doida', 'perdi', 'meu', 'drink', 'não', 'sei', 'onde', 'foi', 'parar', 'fiesta', 'muy', 'loka', 'com', 'as', 'minas', 'doida', 'perdi', 'meu', 'drink', 'não', 'sei', 'onde', 'foi', 'parar', 'ok', 'cheguei', 'meio', 'atrasado', 'vi', 'que', 'já', 'tava', 'moiado', 'que', 'só', 'tinhas', 'as', 'mina', 'estranhas', 'e', 'outras', 'com', 'o', 'namorado', 'eu', 'pensei', 'tá', 'explicado', 'por', 'que', 'os', 'cara', 'se', 'jogou', 'vou', 'dar', 'um', 'salve', 'nos', 'aliado', 'depois', 'vou', 'que', 'vou', 'ok', 'papo', 'vai', 'papo', 'vem', 'se', 'a', 'bebida', 'vem', 'nem', 'sei', 'só', 'lembro', 'que', 'quando', 'fui', 'ver', 'já', 'era', 'quase', '6', 'não', 'sei', 'vocês', 'mas', 'eu', 'tenho', 'que', 'ir', 'embora', 'já', 'passou', 'da', 'minha', 'hora', 'não', 'era', 'pra', 'eu', 'ficar', 'até', 'agora', 'fiesta', 'muy', 'loka', 'com', 'as', 'minas', 'doida', 'perdi', 'meu', 'drink', 'não', 'sei', 'onde', 'foi', 'parar', 'fiesta', 'muy', 'loka', 'com', 'as', 'minas', 'doida', 'perdi', 'meu', 'drink', 'não', 'sei', 'onde', 'foi', 'parar', 'os', 'cara', 'se', 'jogou', 'o', 'que', 'se', 'passa', 'festa', 'não', 'tinha', 'mais', 'ninguém', 'virou', 'fumaça', 'os', 'cara', 'se', 'jogou', 'o', 'que', 'se', 'passa', 'festa', 'não', 'tinha', 'mais', 'ninguém', 'virou', 'fumaça', 'fiesta', 'muy', 'loka', 'com', 'as', 'minas', 'doida', 'perdi', 'meu', 'drink', 'não', 'sei', 'onde', 'foi', 'parar', 'fiesta', 'muy', 'loka', 'com', 'as', 'minas', 'doida', 'perdi', 'meu', 'drink', 'não', 'sei', 'onde', 'foi', 'parar']"
Pollo,"['Hip Hop', 'Rap', 'Romântico']",Sete Sete Sete,2014,Som Livre,Registrei,"['pesadão', 'boladão', 'cheguei', 'os', 'bico', 'me', 'olhou', 'fei', 'quem', 'é', 'também', 'não', 'sei', 'aham', 'só', 'registrei', 'pesadão', 'boladão', 'cheguei', 'os', 'bico', 'me', 'olho', 'fei', 'quem', 'é', 'também', 'não', 'sei', 'aham', 'só', 'registrei', 'ainda', 'diz', 'que', 'minha', 'track', 'não', 'é', 'rap', 'claro', 'assim', 'nego', 'não', 'compete', 'se', 'mete', 'em', 'treta', 'de', 'internet', 'achando', 'que', 'é', 'cabra', 'da', 'peste', 'nunca', 'também', 'quero', 'um', 'cash', 'sim', 'nunca', 'foi', 'facim', 'pra', 'mim', 'mas', 'enfim', 'olha', 'donde', 'eu', 'vim', 'agora', 'olha', 'onde', 'é', 'que', 'eu', 'tô', 'então', 'respeita', 'quem', 'pôde', 'chega', 'onde', 'a', 'gente', 'chegou', 'se', 'ligou', 'jhow', 'pra', 'nóis', 'a', 'meta', 'vai', 'muito', 'mais', 'além', 'a', 'força', 'do', 'pensamento', 'mantém', 'nossa', 'realidade', 'zen', 'por', 'isso', 'cheguei', 'já', 'vim', 'revolucionando', 'pra', 'quem', 'duvidava', 'viu', 'que', 'o', 'bang', 'tá', 'funcionando', 'então', 'vai', 'me', 'diz', 'aonde', 'que', 'eu', 'errei', 'ei', 'me', 'diz', 'aonde', 'que', 'eu', 'errei', 'que', 'eu', 'não', 'sei', 'mas', 'eu', 'só', 'sei', 'que', 'pesadão', 'boladão', 'cheguei', 'os', 'bico', 'me', 'olhou', 'fei', 'quem', 'é', 'também', 'não', 'sei', 'aham', 'só', 'registrei', 'pesadão', 'boladão', 'cheguei', 'os', 'bico', 'me', 'olhou', 'fei', 'quem', 'é', 'também', 'não', 'sei', 'aham', 'só', 'registrei', 'os', 'loki', 'fica', 'em', 'choque', 'com', 'minha', 'banca', 'eu', 'passo', 'a', 'visão', 'tomim', 'no', 'comando', 'eu', 'tô', 'armado', 'no', 'flow', 'tô', 'monstrão', 'sim', 'maloqueiro', 'eu', 'vim', 'a', 'culpa', 'não', 'é', 'minha', 'se', 'ela', 'tá', 'afim', 'raiva', 'de', 'mim', 'é', 'mato', 'mãos', 'ao', 'alto', 'roubei', 'a', 'cena', 'inteira', 'porra', 'é', 'um', 'assalto', 'bang', 'bang', 'não', 'sei', 'quem', 'é', 'quem', 'meu', 'time', 'é', 'dois', 'moleque', 'não', 'tem', 'pra', 'ninguém', 'a', 'mais', 'de', '100', 'pique', 'ducati', 'falam', 'de', 'mim', 'tim', 'tim', 'xeque', 'mate', 'pesadão', 'boladão', 'cheguei', 'os', 'bico', 'me', 'olhou', 'fei', 'quem', 'é', 'também', 'não', 'sei', 'aham', 'só', 'registrei', 'pesadão', 'boladão', 'cheguei', 'os', 'bico', 'me', 'olhou', 'fei', 'quem', 'é', 'também', 'não', 'sei', 'aham', 'só', 'registrei', 'cheguei', 'me', 'olhou', 'fei', 'não', 'sei', 'só', 'registrei', 'pesadão', 'boladão', 'cheguei', 'os', 'bico', 'me', 'olhou', 'fei', 'quem', 'é', 'também', 'não', 'sei', 'aham', 'só', 'registrei', 'pesadão', 'boladão', 'cheguei', 'os', 'bico', 'me', 'olhou', 'fei', 'quem', 'é', 'também', 'não', 'sei', 'aham', 'só', 'registrei']"
Pollo,"['Hip Hop', 'Rap', 'Romântico']",Sete Sete Sete,2014,Som Livre,Gênio da Lâmpada (part. Levi Lima),
Pollo,"['Hip Hop', 'Rap', 'Romântico']",Sete Sete Sete,2014,Som Livre,Presença,
Pollo,"['Hip Hop', 'Rap', 'Romântico']",Sete Sete Sete,2014,Som Livre,Tudo Bem (Part. Bella),
Pollo,"['Hip Hop', 'Rap', 'Romântico']",Sete Sete Sete,2014,Som Livre,Ops. (Part. Mr Catra),
Pollo,"['Hip Hop', 'Rap', 'Romântico']",Vim Pra Dominar o Mundo,2012,Radar Records,Tamo no Jogo,"['refrão', 'então', 'se', 'prepara', 'tamo', 'no', 'jogo', 'que', 'os', 'menino', 'é', 'bom', 'a', 'pista', 'pega', 'fogo', 'então', 'se', 'prepara', 'tamo', 'no', 'jogo', 'que', 'os', 'menino', 'é', 'bom', 'adr', 'veio', 'do', 'nada', 'os', 'menino', 'que', 'já', 'toca', 'na', 'balada', 'na', 'pegada', 'de', 'fazer', 'um', 'som', 'bom', 'essa', 'parada', 'e', 'na', 'levada', 'tem', 'o', 'flow', 'flow', 'manda', 'bem', 'no', 'show', 'show', 'agora', 'todos', 'eles', 'sabem', 'muito', 'bem', 'quem', 'sou', 'e', 'eu', 'vou', 'que', 'vou', 'porque', 'eu', 'tenho', 'meu', 'caminho', 'traçado', 'uns', 'dizem', 'que', 'sou', 'sortudo', 'eu', 'chamo', 'de', 'abençoado', 'sempre', 'estive', 'ligado', 'em', 'quem', 'tava', 'do', 'meu', 'lado', 'separo', 'organizado', 'os', 'verme', 'e', 'os', 'aliado', 'preparado', 'pra', 'situação', 'que', 'vier', 'eu', 'vim', 'mandado', 'com', 'a', 'missão', 'de', 'estimular', 'a', 'fé', 'não', 'é', 'qualquer', 'invejinha', 'que', 'desvia', 'o', 'objetivo', 'eu', 'sei', 'que', 'tem', 'erva', 'daninha', 'mas', 'mesmo', 'assim', 'sobrevivo', 'refrão', '2x', 'então', 'se', 'prepara', 'tamo', 'no', 'jogo', 'que', 'os', 'menino', 'é', 'bom', 'a', 'pista', 'pega', 'fogo', 'então', 'se', 'prepara', 'tamo', 'no', 'jogo', 'que', 'os', 'menino', 'é', 'bom', 'adr', 'é', 'o', 'pesadelo', 'dos', 'caras', 'que', 'cola', 'com', 'a', 'namorada', 'não', 'entende', 'como', 'ela', 'fica', 'hipnotizada', 'em', 'casa', 'para', 'e', 'fala', 'que', 'não', 'gosta', 'da', 'sua', 'atitude', 'o', 'que', 'ela', 'quis', 'dizer', 'é', 'que', 'não', 'gosta', 'do', 'seu', 'grude', 'mané', 'nem', 'se', 'ilude', 'com', 'as', 'ideia', 'de', 'que', 'tá', 'bonito', 'assim', 'cê', 'sendo', 'rude', 'o', 'caminho', 'mais', 'proximo', 'é', 'o', 'fim', 'sim', 'tô', 'no', 'jogo', 'agora', 'ela', 'só', 'pensa', 'em', 'mim', 'no', 'palco', 'eu', 'entro', 'em', 'cena', 'pra', 'mostrar', 'porque', 'eu', 'vim', 'refrão', 'então', 'se', 'prepara', 'tamo', 'no', 'jogo', 'que', 'os', 'menino', 'é', 'bom', 'a', 'pista', 'pega', 'fogo', 'então', 'se', 'prepara', 'tamo', 'no', 'jogo', 'que', 'os', 'menino', 'é', 'bom', 'tomim', 'a', 'culpa', 'não', 'é', 'minha', 'sua', 'mina', 'que', 'saiu', 'sozinha', 'falando', 'que', 'ia', 'no', 'meu', 'show', 'que', 'adorava', 'o', 'meu', 'flow', 'que', 'eu', 'sou', 'o', 'homem', 'que', 'ela', 'sempre', 'sonhou', 'mais', 'pena', 'que', 'eu', 'não', 'agradei', 'a', 'sua', 'mãe', 'acostumado', 'com', 'breja', 'e', 'você', 'champagne', 'e', 'mesmo', 'assim', 'você', 'me', 'quis', 'por', 'perto', 'mulher', 'fina', 'elegante', 'com', 'maloca', 'ai', 'da', 'certo', 'né', 'é', 'o', 'meu', 'jeito', 'de', 'rua', 'te', 'completa', 'quando', 'me', 'viu', 'ir', 'embora', 'isso', 'virou', 'sua', 'meta', 'queria', 'que', 'essa', 'noite', 'não', 'tivesse', 'final', 'não', 'oposto', 'de', 'você', 'e', 'ao', 'mesmo', 'tempo', 'ideal', 'e', 'na', 'moral', 'você', 'só', 'pensa', 'em', 'my', 'name', 'se', 'prepara', 'pretinha', 'que', 'agora', 'tô', 'no', 'game', 'refrão', 'x2', 'então', 'se', 'prepara', 'tamo', 'no', 'jogo', 'que', 'os', 'menino', 'é', 'bom', 'a', 'pista', 'pega', 'fogo', 'se', 'prepara', 'tamo', 'no', 'jogo', 'que', 'os', 'menino', 'é', 'bom']"
Pollo,"['Hip Hop', 'Rap', 'Romântico']",Vim Pra Dominar o Mundo,2012,Radar Records,Mete o Pé,"['e', 'você', 'acho', 'que', 'tava', 'pá', 'mas', 'não', 'sabia', 'o', 'que', 'viria', 'que', 'no', 'final', 'das', 'contas', 'não', 'era', 'o', 'que', 'ela', 'queria', 'que', 'não', 'ia', 'ter', 'por', 'que', 'cê', 'faz', 'isso', 'comigo', 'agora', 'ia', 'ser', 'então', 'liga', 'ai', 'pro', 'seus', 'amigo', 'e', 'numa', 'tarde', 'de', 'domingo', 'você', 'com', 'o', 'orgulho', 'ferido', 'ligando', 'suplicando', 'pedindo', 'pra', 'poder', 'ver', 'ela', 'dizendo', 'não', 'dá', 'cê', 'perguntando', 'por', 'que', 'ela', 'não', 'querendo', 'falar', 'e', 'cê', 'querendo', 'morrer', 've', 'que', 'o', 'jogo', 'virou', 'quem', 'que', 'dita', 'as', 'regras', 'agora', 'ih', 'moio', 'é', 'melhor', 'ligar', 'outra', 'hora', 'a', 'história', 'é', 'a', 'mesma', 'e', 'só', 'muda', 'os', 'personagem', 'do', 'enredo', 'eu', 'vejo', 'o', 'medo', 'de', 'nego', 'que', 'agora', 'chupando', 'o', 'dedo', 'percebe', 'o', 'que', 'tinha', 'do', 'lado', 'más', 'ja', 'é', 'tarde', 'de', 'mais', 'ela', 'trocou', 'de', 'namorado', 'e', 'o', 'culpado', 'disso', 'cê', 'sabe', 'bem', 'que', 'é', 'você', 'ocupado', 'demais', 'enquanto', 'ela', 'queria', 'ter', 'atenção', 'mas', 'não', 'cê', 'acho', 'que', 'era', 'pakitão', 'agora', 'vai', 'vê', 'ta', 'ae', 'comendo', 'na', 'mão', 'vacilão', 'haha', 'sai', 'mete', 'o', 'pé', 'que', 'ela', 'não', 'te', 'quer', 'sai', 'mete', 'o', 'pé', 'que', 'ela', 'não', 'te', 'quer', 'zé', '3x', 'agora', 'se', 've', 'o', 'que', 'perdeu', 'né', 'você', 'querendo', 'pegar', 'todas', 'fazendo', 'seu', 'papel', 'desencanou', 'de', 'você', 'quando', 'ela', 'sai', 'desliga', 'o', 'cel', 'pensou', 'que', 'era', 'troféu', 'na', 'sua', 'estante', 'tratava', 'a', 'mina', 'mal', 'o', 'tempo', 'todo', 'era', 'ignorante', 'durante', 'o', 'relacionamento', 'ela', 'feliz', 'com', 'os', 'amigos', 'e', 'você', 'pá', 'todo', 'ciumento', 'brigava', 'há', 'todo', 'momento', 'e', 'hoje', 'é', 'só', 'lamento', 'ela', 'tranquilona', 'nem', 'guardou', 'ressentimento', 'então', 'vai', 'fecha', 'a', 'porta', 'e', 'sai', 'os', 'amor', 'que', 'cê', 'arruma', 'hoje', 'em', 'dia', 'é', 'só', 'do', 'paraguai', 'quando', 'ce', 'liga', 'só', 'da', 'caixa', 'postal', 'perdeu', 'a', 'de', 'fé', 'que', 'te', 'dava', 'moral', 'covarde', 'vaza', 'sem', 'faze', 'alarde', 'hoje', 'em', 'dia', 'cê', 'tá', 'sozinho', 'assistindo', 'sessão', 'da', 'tarde', 'jão', 'só', 'ela', 'impede', 'sua', 'bad', 'valor', 'que', 'não', 'se', 'mede', 'felicidade', 'constante', 'só', 'ela', 'concede', 'sai', 'mete', 'o', 'pé', 'que', 'ela', 'não', 'te', 'quer', 'sai', 'mete', 'o', 'pé', 'que', 'ela', 'não', 'te', 'quer', 'zé', '3x', 'agora', 'se', 've', 'o', 'que', 'perdeu', 'né']"
Pollo,"['Hip Hop', 'Rap', 'Romântico']",Vim Pra Dominar o Mundo,2012,Radar Records,Proteção,"['refrão', '2x', 'nego', 'fala', 'mal', 'de', 'mim', 'mas', 'mesmo', 'assim', 'nem', 'ligo', 'o', 'caminho', 'que', 'eu', 'sigo', 'cê', 'não', 'vai', 'chega', 'eu', 'já', 'nasci', 'acostumado', 'com', 'o', 'perigo', 'mas', 'sou', 'protegido', 'graças', 'a', 'jah', 'jah', 'adr', 'é', 'mais', 'de', 'uma', 'tonelada', 'levada', 'que', 'aqui', 'não', 'para', 'se', 'quem', 'tem', 'joga', 'na', 'cara', 'quem', 'não', 'tem', 'fica', 'na', 'lara', 'sara', 'ferida', 'que', 'brotou', 'só', 'de', 'saber', 'que', 'sua', 'querida', 'vinda', 'me', 'trouxe', 'ainda', 'mais', 'prazer', 'e', 'só', 'uma', 'coisa', 'eu', 'peço', 'muita', 'luz', 'e', 'sucesso', 'pra', 'que', 'você', 'continue', 'acompanhando', 'meu', 'progresso', 'eu', 'nem', 'me', 'estresso', 'porque', 'parando', 'pra', 'ver', 'também', 'me', 'odiaria', 'se', 'eu', 'fosse', 'você', 'posso', 'passar', 'no', 'vale', 'da', 'sombra', 'e', 'da', 'morte', 'minha', 'proteção', 'é', 'intensa', 'não', 'dependo', 'só', 'de', 'sorte', 'forte', 'não', 'só', 'no', 'fisico', 'mais', 'no', 'mental', 'igual', 'guerreiro', 'lutando', 'pelo', 'ideal', 'então', 'tá', 'tranquilo', 'porque', 'eu', 'sei', 'que', 'sempre', 'vai', 'ter', 'aqueles', 'que', 'ao', 'invés', 'de', 'tentar', 'se', 'adiantar', 'e', 'procurar', 'evoluir', 'só', 'pensam', 'em', 'como', 'me', 'fazer', 'cair', 'refrão', 'x2', 'nego', 'fala', 'mal', 'de', 'mim', 'mas', 'mesmo', 'assim', 'nem', 'ligo', 'o', 'caminho', 'que', 'eu', 'sigo', 'cê', 'não', 'vai', 'chega', 'eu', 'já', 'nasci', 'acostumado', 'com', 'o', 'perigo', 'más', 'sou', 'protegido', 'graças', 'a', 'jah', 'jah', 'tomim', 'andar', 'com', 'fé', 'eu', 'vou', 'o', 'bang', 'não', 'costuma', 'faia', 'desejo', 'sorte', 'aos', 'irmãozin', 'e', 'as', 'benção', 'de', 'jajah', 'pra', 'iluminar', 'os', 'passos', 'de', 'quem', 'tiver', 'por', 'lá', 'energia', 'positiva', 'pra', 'quem', 'quiser', 'chegar', 'deixo', 'a', 'dica', 'apenas', 'pra', 'te', 'poupar', 'por', 'isso', 'me', 'mantenho', 'sempre', 'aqui', 'no', 'lugar', 'entenda', 'de', 'uma', 'vez', 'aqui', 'se', 'nunca', 'vai', 'estar', 'então', 'muito', 'cuidado', 'com', 'o', 'que', 'você', 'vai', 'falar', 'o', 'que', 'eu', 'tenho', 'não', 'se', 'aprende', 'vem', 'de', 'berço', 'contra', 'os', 'olho', 'gordo', 'tiozão', 'vou', 'só', 'com', 'o', 'terço', 'más', 'não', 'tenho', 'culpa', 'não', 'fujo', 'da', 'disputa', 'sempre', 'que', 'eu', 'tô', 'na', 'luta', 'mantenho', 'minha', 'conduta', 'contra', 'os', 'filho', 'da', 'e', 'eu', 'vou', 'até', 'o', 'final', 'a', 'fé', 'que', 'me', 'conduz', 'não', 'tem', 'igual', 'me', 'protege', 'e', 'me', 'livrá', 'de', 'todo', 'o', 'mal', 'e', 'o', 'retorno', 'do', 'rei', 'será', 'triunfal', 'refrão', '2x', 'o', 'nego', 'fala', 'mal', 'de', 'mim', 'mas', 'mesmo', 'assim', 'nem', 'ligo', 'o', 'caminho', 'que', 'eu', 'sigo', 'cê', 'não', 'vai', 'chega', 'eu', 'já', 'nasci', 'acostumado', 'com', 'o', 'perigo', 'más', 'sou', 'protegido', 'graças', 'a', 'jah', 'jah']"
Pollo,"['Hip Hop', 'Rap', 'Romântico']",Vim Pra Dominar o Mundo,2012,Radar Records,Buxixos e Simpatias,"['buxixos', 'e', 'simpatias', 'caô', 'e', 'melancolia', 'eu', 'tô', 'correndo', 'eu', 'tô', 'correndo', 'jow', 'dos', 'bico', 'e', 'das', 'vadias', 'intrigas', 'do', 'dia', 'a', 'dia', 'eu', 'tô', 'correndo', 'eu', 'tô', 'correndo', 'jow', 'flow', 'rápido', 'é', 'bonito', 'mais', 'tem', 'que', 'ter', 'conteudo', 'buxixo', 'eu', 'tô', 'correndo', 'é', 'melhor', 'tu', 'fica', 'mudo', 'que', 'eu', 'sigo', 'a', 'minha', 'saga', 'neguin', 'até', 'fica', 'puto', 'olha', 'quem', 'já', 'ta', 'cena', 'pollo', 'causando', 'tumulto', 'mi', 'cassa', 'su', 'cassa', 'cola', 'quem', 'não', 'atrasa', 'bico', 'verme', 'coxa', 'camba', 'só', 'lamento', 'então', 'vaza', 'mulecot', 'das', 'antiga', 'robin', 'hood', 'da', 'villa', '20', 'neguin', 'atrás', 'do', 'chá', 'ó', 'ia', 'não', 'é', 'camomila', 'levada', 'foda', 'tiozão', 'que', 'os', 'leão', 'lobo', 'oscila', 'assim', 'que', 'vai', 'falsidade', 'que', 'se', 'extrai', 'bença', 'mãe', 'bença', 'pai', 'os', 'que', 'fecha', 'tá', 'comigo', 'camba', 'os', 'que', 'subtrai', 'traz', 'inveja', 'se', 'cagueta', 'não', 'me', 'afeta', 'eu', 'quero', 'mais', 'buxixos', 'e', 'simpátias', 'caô', 'e', 'melancolia', 'eu', 'tô', 'correndo', 'eu', 'tô', 'correndo', 'jow', 'dos', 'bico', 'e', 'das', 'vadias', 'intrigas', 'do', 'dia', 'a', 'dia', 'eu', 'tô', 'correndo', 'eu', 'tô', 'correndo', 'jow', 'sem', 'fazer', 'média', 'não', 'vem', 'paga', 'de', 'loco', 'aqui', 'comédia', 'já', 'sabe', 'mais', 'da', 'minha', 'vida', 'do', 'que', 'wikipédia', 'sua', 'inveja', 'fede', 'e', 'não', 'te', 'impede', 'de', 'fazer', 'merda', 'mas', 'se', 'mexer', 'comigo', 'amigo', 'pow', 'é', 'tiro', 'e', 'queda', 'é', 'uma', 'tragédia', 'sua', 'vida', 'e', 'a', 'da', 'turminha', 'fracassada', 'vive', 'gastando', 'sola', 'hehe', 'não', 'arruma', 'nada', 'à', 'cada', '10', 'palavras', 'que', 'cê', 'fala', '11', 'cê', 'dá', 'pala', 'não', 'me', 'encara', 'e', 'de', 'cara', 'já', 'logo', 'vira', 'piada', 'comigo', 'é', 'sem', 'estress', 'nem', 'parece', 'mas', 'na', 'minha', 'prece', 'eu', 'sempre', 'peço', 'pra', 'que', 'algo', 'te', 'acontece', 'de', 'bom', 'e', 'que', 'cê', 'me', 'esquece', 'e', 'cresce', 'enfim', 'podia', 'ser', 'assim', 'más', 'só', 'nos', 'contos', 'de', 'fada', 'fica', 'feliz', 'o', 'fim', 'buxixos', 'e', 'simpátias', 'caô', 'e', 'melancolia', 'eu', 'tô', 'correndo', 'eu', 'tô', 'correndo', 'jow', 'dos', 'bico', 'e', 'das', 'vadias', 'intrigas', 'do', 'dia', 'a', 'dia', 'eu', 'tô', 'correndo', 'eu', 'tô', 'correndo', 'jow']"
Pollo,"['Hip Hop', 'Rap', 'Romântico']",Vim Pra Dominar o Mundo,2012,Radar Records,Tô Ficando Louco,"['eu', 'tô', 'ficando', 'louco', 'tô', 'ficando', 'louco', 'com', 'os', 'bico', 'eu', 'tô', 'ficando', 'louco', 'tô', 'ficando', 'louco', 'com', 'os', 'bico', 'não', 'costumo', 'mandar', 'recado', 'mas', 'essa', 'é', 'pros', 'arrombado', 'que', 'vive', 'falando', 'bosta', 'nas', 'costas', 'mas', 'baba', 'ovo', 'do', 'meu', 'lado', 'sim', 'eu', 'tô', 'ligado', 'mas', 'não', 'tô', 'preocupado', 'aí', 'fica', 'tranquilo', 'filho', 'o', 'que', 'é', 'seu', 'já', 'tá', 'guardado', 'na', 'verdade', 'eu', 'sinto', 'pena', 'nem', 'chega', 'ser', 'um', 'problema', 'é', 'mesma', 'rapinha', 'de', 'sempre', 'seres', 'de', 'mente', 'pequena', 'preso', 'sem', 'usar', 'algema', 'cada', 'um', 'no', 'seu', 'esquema', 'quem', 'nasceu', 'pra', 'figurante', 'nunca', 'vai', 'roubar', 'a', 'cena', 'pena', 'que', 'tem', 'que', 'ser', 'assim', 'né', 'bota', 'a', 'culpa', 'em', 'mim', 'zé', 'diz', 'que', 'eu', 'sou', 'o', 'único', 'motivo', 'pro', 'fim', 'da', 'sua', 'fé', 'hum', 'coitado', 'num', 'mundinho', 'limitado', 'meu', 'tempo', 'tá', 'esgotado', 'deve', 'ser', 'por', 'isso', 'que', 'eu', 'tô', 'ficando', 'louco', 'tô', 'ficando', 'louco', 'com', 'os', 'bico', 'eu', 'tô', 'ficando', 'louco', 'tô', 'ficando', 'louco', 'com', 'os', 'bico', 'eu', 'tô', 'ficando', 'louco', 'não', 'aguento', 'mais', 'para', 'de', 'citar', 'meu', 'nome', 'me', 'deixa', 'em', 'paz', 'mais', 'perseguido', 'do', 'que', 'fugitivo', 'de', 'alcatraz', 'de', 'tanto', 'falar', 'de', 'mim', 'seus', 'dias', 'são', 'iguais', 'para', 'de', 'caô', 'tô', 'na', 'cantinha', 'pra', 'mim', 'tu', 'é', 'falador', 'por', 'isso', 'sempre', 'fico', 'na', 'minha', 'farinha', 'do', 'mesmo', 'saco', 'seu', '71', 'já', 'é', 'fraco', 'sigo', 'sempre', 'no', 'sapato', 'e', 'vou', 'na', 'fé', 'daquele', 'jeito', 'disfarça', 'sem', 'efeito', 'olha', 'a', 'porra', 'do', 'meu', 'flow', 'suave', 'tio', 'é', 'dois', 'pé', 'no', 'seu', 'peito', 'mantenho', 'meu', 'respeito', 'e', 'disciplina', 'já', 'tenho', 'feito', 'algo', 'pra', 'acabar', 'com', 'essa', 'sua', 'sina', 'veja', 'minha', 'doutrina', 'ta', 'ligado', 'pega', 'o', 'oitão', 'velho', 'que', 'essa', 'fita', 'termina', 'eu', 'tô', 'ficando', 'louco', 'tô', 'ficando', 'louco', 'com', 'os', 'bico', 'eu', 'tô', 'ficando', 'louco', 'tô', 'ficando', 'louco', 'com', 'os', 'bico', 'x6']"
Pollo,"['Hip Hop', 'Rap', 'Romântico']",Vim Pra Dominar o Mundo,2012,Radar Records,Meu Bonde,"['quando', 'meu', 'bonde', 'passa', 'fazendo', 'fumaça', 'pode', 'pá', 'que', 'não', 'da', 'outra', 'é', 'o', 'melhor', 'som', 'da', 'praça', 'quando', 'meu', 'bonde', 'passa', 'os', 'tira', 'embaça', 'os', 'cara', 'fica', 'louco', 'as', 'mina', 'cheia', 'de', 'graça', 'ok', 'ok', 'ok', 'dispenso', 'apresentação', 'zinha', 'agora', 'é', 'nossa', 'vez', 'o', 'bonde', 'veio', 'pesadão', 'tim', 'tim', 'linha', 'de', 'fronte', 'aprende', 'quem', 'intende', 'a', 'gente', 'se', 'for', 'diferente', 'sai', 'que', 'sai', 'da', 'frente', 'se', 'não', 'perde', 'os', 'dente', 'maluco', 'então', 'nem', 'tente', 'é', 'quente', 'agora', 'eu', 'sou', 'a', 'bola', 'da', 'vez', 'me', 'destaco', 'eu', 'taco', 'fora', 'o', 'que', 'não', 'me', 'convém', 'sim', 'eu', 'descarto', 'porque', 'no', 'meu', 'quarto', 'eu', 'vi', 'que', 'tava', 'farto', 'tive', 'que', 'engolir', 'mentira', 'enquanto', 'o', 'assunto', 'é', 'consumado', 'fato', 'aqui', 'não', 'tem', 'rato', 'de', 'laboratório', 'curei', 'a', 'depressão', 'apenas', 'com', 'uma', 'sessão', 'no', 'meu', 'próprio', 'consultório', 'refrão', 'quando', 'meu', 'bonde', 'passa', 'fazendo', 'fumaça', 'pode', 'pá', 'que', 'não', 'da', 'outra', 'é', 'o', 'melhor', 'som', 'da', 'praça', 'quando', 'meu', 'bonde', 'passa', 'os', 'tira', 'embaça', 'os', 'cara', 'fica', 'louco', 'as', 'mina', 'cheia', 'de', 'graça', 'fazendo', 'fumaça', 'até', 'de', 'manhã', 'cinco', 'neguin', 'mocado', 'no', 'opala', 'esse', 'é', 'o', 'meu', 'clã', 'bomba', 'pra', 'todo', 'o', 'lado', 'ta', 'tipo', 'vietnã', 'tio', 'só', 'faz', 'silencio', 'shiu', 'não', 'conta', 'pa', 'fã', 'duvido', 'que', 'me', 'ache', 'enquanto', 'eu', 'braso', 'do', 'rache', 'to', 'no', 'comando', 'trutão', 'haaa', 'pique', 'apache', 'como', 'de', 'tache', 'se', 'vê', 'neblina', 'calma', 'que', 'é', 'nois', 'bati', 'a', 'nave', 'subiu', 'pra', 'mente', 'a', 'brisa', 'foi', 'veloz', 'os', 'blin', 'tava', 'feroz', 'to', 'vendo', 'tudo', 'lento', 'bagulho', 'tá', 'slow', 'eu', 'to', 'perdendo', 'o', 'movimento', 'seguinte', 'deu', '4', 'e', '20', 'deu', 'a', 'minha', 'hora', 'to', 'chegando', 'rapeize', 'hora', 'do', 'chá', 'é', 'agora', 'quando', 'meu', 'bonde', 'passa', 'fazendo', 'fumaça', 'pode', 'pá', 'que', 'não', 'da', 'outra', 'é', 'o', 'melhor', 'som', 'da', 'praça', 'quando', 'meu', 'bonde', 'passa', 'os', 'tira', 'embaça', 'os', 'cara', 'fica', 'louco', 'as', 'mina', 'cheia', 'de', 'graça', 'quando', 'meu', 'bonde', 'passa', 'fazendo', 'fumaça', 'pode', 'pá', 'que', 'não', 'da', 'outra', 'é', 'o', 'melhor', 'som', 'da', 'praça', 'quando', 'meu', 'bonde', 'passa', 'os', 'tira', 'embaça', 'os', 'cara', 'fica', 'louco', 'as', 'mina', 'cheia', 'de', 'graça']"
Pollo,"['Hip Hop', 'Rap', 'Romântico']",Vim Pra Dominar o Mundo,2012,Radar Records,As Quatro,"['eu', 'era', 'muito', 'mais', 'do', 'que', 'você', 'esperava', 'né', 'eu', 'sei', 'tava', 'no', 'plano', 'o', 'que', 'não', 'tava', 'era', 'eu', 'acabar', 'te', 'amando', 'enfim', 'já', 'foi', 'o', 'que', 'passou', 'passou', 'mas', 'é', 'que', 'eu', 'olho', 'pra', 'você', 'e', 'vejo', 'que', 'nada', 'mudou', 'e', 'tu', 'é', 'a', 'mesma', 'menininha', 'perdida', 'com', 'frustrações', 'da', 'sua', 'vida', 'botando', 'a', 'culpa', 'sempre', 'nas', 'suas', 'amigas', 'mas', 'eu', 'percebi', 'que', 'não', 'é', 'bem', 'assim', 'no', 'fim', 'eu', 'vi', 'que', 'o', 'problema', 'não', 'tava', 'em', 'mim', 'não', 'e', 'sim', 'em', 'você', 'então', 'eu', 'pude', 'ver', 'ver', 'o', 'que', 'você', 'é', 'de', 'verdade', 'não', 'o', 'que', 'tá', 'tentando', 'ser', 'sai', 'fora', 'e', 'leva', 'teu', 'pacote', 'de', 'problema', 'junto', 'não', 'me', 'interessa', 'nada', 'que', 'tenha', 'você', 'no', 'assunto', 'eu', 'já', 'fiz', 'muito', 'em', 'marcar', 'tua', 'vida', 'com', 'minha', 'presença', 'agora', 'eu', 'quero', 'paz', 'coisa', 'que', 'cê', 'não', 'traz', 'então', 'dá', 'licença', 'as', 'quatro', 'da', 'madrugada', 'ela', 'me', 'acorda', 'e', 'eu', 'não', 'quero', 'nada', 'eu', 'não', 'quero', 'nada', 'não', 'as', 'quatro', 'da', 'madrugada', 'ela', 'me', 'acorda', 'e', 'eu', 'não', 'quero', 'nada', 'não', 'não', 'vou', 'mentir', 'falar', 'que', 'não', 'senti', 'falta', 'de', 'ti', 'na', 'alta', 'no', 'rolê', 'com', 'os', 'amigo', 'ou', 'na', 'madruga', 'algo', 'me', 'falta', 'e', 'é', 'você', 'ou', 'talvez', 'não', 'seja', 'assim', 'história', 'bonita', 'hoje', 'em', 'dia', 'sempre', 'tem', 'fim', 'de', 'fato', 'a', 'carência', 'vem', 'melhor', 'ficar', 'suave', 'do', 'que', 'sofrer', 'por', 'alguém', 'o', 'coração', 'aprendeu', 'né', 'nega', 'de', 'tanto', 'que', 'você', 'bateu', 'ele', 'disse', 'chega', 'se', 'ligou', 'que', 'você', 'é', 'o', 'meu', 'ponto', 'fraco', 'pena', 'que', 'o', 'batimento', 'hoje', 'em', 'dia', 'tá', 'opaco', 'tô', 'fora', 'olha', 'a', 'hora', 'saudade', 'devia', 'ser', 'que', 'nem', 'puta', 'dá', 'e', 'sai', 'fora', 'as', 'quatro', 'da', 'madrugada', 'ela', 'me', 'acorda', 'e', 'eu', 'não', 'quero', 'nada', 'eu', 'não', 'quero', 'nada', 'não', 'as', 'quatro', 'da', 'madrugada', 'ela', 'me', 'acorda', 'e', 'eu', 'não', 'quero', 'nada', 'não']"
Pollo,"['Hip Hop', 'Rap', 'Romântico']",Vim Pra Dominar o Mundo,2012,Radar Records,Seu Lugar,"['p', 'i', 'sem', 'sem', 'o', 'teu', 'olhar', 'não', 'sei', 'se', 'vai', 'dar', 'amor', 'ou', 'wow', 'sem', 'sem', 'você', 'aqui', 'não', 'vou', 'conseguir', 'não', 'vou', 'ou', 'wow', 'adriel', 'perto', 'de', 'mim', 'é', 'o', 'lugar', 'que', 'você', 'tem', 'que', 'estar', 'colada', 'do', 'meu', 'lado', 'até', 'o', 'dia', 'clarear', 'faz', 'faz', 'do', 'meu', 'lar', 'a', 'sua', 'moradia', 'faço', 'de', 'tudo', 'pra', 'ficar', 'na', 'sua', 'companhia', 'te', 'desejaria', 'dia', 'após', 'dia', 'olharia', 'pro', 'céu', 'e', 'agradeceria', 'por', 'ter', 'você', 'e', 'a', 'tv', 'com', 'edredom', 'de', 'conchinha', 'cê', 'quer', 'mais', 'o', 'que', 'haha', 'eu', 'vou', 'fazer', 'diferente', 'amor', 'de', 'verdade', 'a', 'gente', 'apenas', 'sente', 'não', 'entende', 'não', 'consegue', 'ver', 'por', 'essas', 'e', 'outras', 'que', 'eu', 'não', 'sei', 'se', 'sem', 'sem', 'o', 'teu', 'olhar', 'não', 'sei', 'se', 'vai', 'dar', 'amor', 'ou', 'wow', 'sem', 'sem', 'você', 'aqui', 'não', 'vou', 'conseguir', 'não', 'vou', 'ou', 'wow', 'tomim', 'os', 'pingos', 'caem', 'na', 'janela', 'sozinho', 'eu', 'penso', 'nela', 'tipo', 'amor', 'de', 'novela', 'fico', 'só', 'a', 'sua', 'espera', 'atmosfera', 'perfeita', 'e', 'sincera', 'linda', 'como', 'flores', 'que', 'nascem', 'na', 'primavera', 'é', 'só', 'você', 'que', 'me', 'instiga', 'vem', 'fica', 'comigo', 'e', 'deixa', 'de', 'lado', 'as', 'amigas', 'to', 'com', 'saudade', 'daquele', 'frio', 'na', 'barriga', 'quem', 'quiser', 'falar', 'eu', 'não', 'ligo', 'e', 'cê', 'não', 'liga', 'faço', 'até', 'figa', 'pra', 'te', 'ter', 'de', 'novo', 'nega', 'conto', 'os', 'minutos', 'enquanto', 'a', 'hora', 'não', 'chega', 'cê', 'fica', 'brava', 'comigo', 'te', 'deixo', 'louca', 'enquanto', 'o', 'meu', 'foco', 'é', 'apenas', 'na', 'sua', 'boca', 'sem', 'sem', 'o', 'teu', 'olhar', 'não', 'sei', 'se', 'vai', 'dar', 'amor', 'ou', 'wow', 'sem', 'sem', 'você', 'aqui', 'não', 'vou', 'conseguir', 'não', 'vou', 'ou', 'wow', 'sem', 'sem', 'o', 'teu', 'olhar', 'não', 'sei', 'se', 'vai', 'dar', 'amor', 'ou', 'wow', 'sem', 'sem', 'você', 'aqui', 'não', 'vou', 'conseguir', 'não', 'vou', 'ou', 'wow']"
Pollo,"['Hip Hop', 'Rap', 'Romântico']",Vim Pra Dominar o Mundo,2012,Radar Records,Love Song,"['fui', 'atraído', 'daqueles', 'tipo', 'amor', 'bandido', 'devido', 'ao', 'encanto', 'que', 'você', 'trouxe', 'pra', 'mim', 'enfim', 'você', 'chegou', 'agora', 'quero', 'que', 'não', 'tenha', 'mais', 'fim', 'dona', 'dos', 'meu', 'olhares', 'me', 'rouba', 'suspiros', 'e', 'ares', 'até', 'que', 'enfim', 'te', 'achei', 'fui', 'em', 'muito', 'lugares', 'milhares', 'viajam', 'quando', 'vê', 'sua', 'boca', 'com', 'batom', 'desliga', 'o', 'celular', 'e', 'vem', 'aqui', 'em', 'baixo', 'do', 'edredom', 'que', 'tá', 'chovendo', 'e', 'cê', 'fica', 'até', 'de', 'manhã', 'me', 'olha', 'séria', 'e', 'coloca', 'aquele', 'som', 'do', 'adoniran', 'aí', 'é', 'olho', 'no', 'olho', 'pele', 'com', 'pele', 'mil', 'pensamentos', 'rolando', 'os', 'desejos', 'se', 'revelam', 'e', 'eu', 'dizendo', 'que', 'tava', 'prevendo', 'seria', 'inevitável', 'não', 'dizer', 'tô', 'te', 'querendo', 'vi', 'ciou', 'minha', 'retina', 'virou', 'minha', 'rotina', 'a', 'causa', 'da', 'insonia', 'é', 'você', 'não', 'cafeina', 'és', 'obra', 'divina', 'tô', 'te', 'querendo', 'vem', 'anoiteceu', 'apaga', 'a', 'luz', 'coloca', 'a', 'do', 'jorge', 'ben', 'agora', 'eu', 'sei', 'o', 'que', 'é', 'melhor', 'pra', 'mim', 'sempre', 'quis', 'assim', 'mulher', 'que', 'me', 'completa', 'a', 'certa', 'pra', 'ficar', 'até', 'o', 'fim', 'sim', 'ela', 'tem', 'o', 'que', 'é', 'preciso', 'pra', 'me', 'deixar', 'completo', 'ao', 'lado', 'dela', 'é', 'que', 'eu', 'sinto', 'que', 'tô', 'no', 'caminho', 'certo', 'tem', 'um', 'toque', 'especial', 'que', 'me', 'alucina', 'ah', 'tem', 'com', 'jeito', 'de', 'mulher', 'e', 'olhar', 'de', 'menina', 'quebrou', 'minha', 'rotina', 'deu', 'luz', 'ao', 'que', 'não', 'tinha', 'agora', 'eu', 'sou', 'só', 'dela', 'e', 'ela', 'é', 'só', 'minha', 'juntos', 'a', 'gente', 'sabe', 'o', 'quanto', 'isso', 'é', 'forte', 'aham', 'sei', 'que', 'tem', 'toque', 'do', 'destino', 'com', 'um', 'pouco', 'de', 'sorte', 'até', 'que', 'a', 'morte', 'nos', 'separe', 'como', 'diz', 'lá', 'no', 'altar', 'o', 'que', 'deus', 'uniu', 'na', 'terra', 'o', 'homem', 'nunca', 'vai', 'separar']"
Pollo,"['Hip Hop', 'Rap', 'Romântico']",Vim Pra Dominar o Mundo,2012,Radar Records,Deixa Sua Filha Sair Com Nóis,"['adriel', 'posso', 'não', 'parecer', 'o', 'cara', 'certo', 'mas', 'garanto', 'que', 'sou', 'pra', 'manter', 'ela', 'por', 'perto', 'a', 'levo', 'onde', 'for', 'não', 'importa', 'o', 'meu', 'dialeto', 'muito', 'menos', 'minha', 'cor', 'não', 'precisa', 'ser', 'muito', 'esperto', 'pra', 'saber', 'que', 'o', 'que', 'importa', 'é', 'o', 'amor', 'sei', 'que', 'eu', 'não', 'sou', 'o', 'melhor', 'artista', 'nem', 'capa', 'de', 'revista', 'mas', 'sou', 'o', 'melhor', 'pra', 'você', 'que', 'é', 'a', 'primeira', 'da', 'lista', 'amor', 'a', 'primeira', 'vista', 'agora', 'assim', 'que', 'tem', 'que', 'ser', 'sei', 'que', 'eu', 'não', 'sou', 'muito', 'educado', 'a', 'facul', 'já', 'ficou', 'de', 'lado', 'as', 'tattoo', 'não', 'consigo', 'esconder', 'mas', 'eu', 'faço', 'de', 'tudo', 'eu', 'juro', 'passo', 'por', 'qualquer', 'apuro', 'se', 'for', 'se', 'for', 'pra', 'ter', 'só', 'você', 'se', 'ligou', 'deixa', 'sua', 'filha', 'sair', 'com', 'nóis', 'deixa', 'sua', 'filha', 'sair', 'com', 'nó', 'nó', 'nóis', 'deixa', 'sua', 'filha', 'sair', 'com', 'nóis', 'deixa', 'sua', 'filha', 'sair', 'com', 'nó', 'nó', 'nóis', 'tomim', 'e', 'o', 'pai', 'dela', 'ficou', 'puto', 'eu', 'não', 'tenho', 'faculdade', 'não', 'tenho', 'culpa', 'se', 'ela', 'curte', 'os', 'zika', 'os', 'maloca', 'de', 'verdade', 'eu', 'boto', 'fogo', 'na', 'cidade', 'a', 'mãe', 'dela', 'viu', 'as', 'tatuagens', 'fudeu', 'falou', 'nem', 'se', 'envolve', 'com', 'o', 'tipo', 'tipo', 'meu', 'mas', 'já', 'que', 'ela', 'gostou', 'e', 'se', 'jogou', 'lá', 'pra', 'minha', 'nave', 'peguei', 'a', 'chave', 'saí', 'a', 'mil', 'ela', 'já', 'fez', 'fumaça', 'pensei', 'puta', 'que', 'pariu', 'o', 'pai', 'dela', 'é', 'do', 'deic', 'nem', 'com', 'a', 'mixa', 'do', 'eike', 'batista', 'eu', 'volto', 'pra', 'pista', 'que', 'nem', 'terrorista', 'cheguei', 'talibã', 'falei', 'pra', 'mãe', 'dela', 'trago', 'ela', 'as', 'nove', 'voltei', 'seis', 'da', 'manhã', 'ela', 'diz', 'que', 'me', 'gusta', 'rolando', 'o', 'som', 'do', 'busta', 'na', 'sala', 'a', 'fumaça', 'exala', 'seguro', 'e', 'não', 'dou', 'pala', 'quem', 'não', 'é', 'do', 'bonde', 'rala', 'e', 'ela', 'diz', 'que', 'me', 'gusta', 'e', 'o', 'pai', 'dela', 'tá', 'na', 'busca', 'e', 'eu', 'to', 'correndo', 'desliga', 'o', 'cel', 'seguro', 'o', 'b', 'o', 'hoje', 'não', 'to', 'nem', 'vendo', 'deixa', 'sua', 'filha', 'sair', 'com', 'nóis', 'deixa', 'sua', 'filha', 'sair', 'com', 'nó', 'nó', 'nóis', 'deixa', 'sua', 'filha', 'sair', 'com', 'nóis', 'deixa', 'sua', 'filha', 'sair', 'com', 'nó', 'nó', 'nóis']"
Pollo,"['Hip Hop', 'Rap', 'Romântico']",Vim Pra Dominar o Mundo,2012,Radar Records,Vim Pra Dominar o Mundo (part. Terra Preta),"['abro', 'a', 'janela', 'o', 'vento', 'bate', 'no', 'meu', 'rosto', 'vim', 'pra', 'dominar', 'o', 'mundo', 'eu', 'acordei', 'disposto', 'mandei', 'os', 'problemas', 'pra', 'puta', 'que', 'pariu', 'se', 'tô', 'com', 'sorriso', 'só', 'isso', 'já', 'vale', 'tio', '2x', 'ok', 'cê', 'quer', 'saber', 'tô', 'tipo', 'que', 'se', 'dane', 'eu', 'vou', 'partir', 'daqui', 'antes', 'que', 'minha', 'mente', 'entre', 'em', 'pane', 'tipo', 'zidane', 'lá', 'pra', '98', 'falam', 'que', 'vim', 'por', 'moda', 'e', 'acham', 'que', 'incomoda', 'os', 'olho', 'torto', 'ah', 'hoje', 'eu', 'tô', 'legal', 'hoje', 'nada', 'me', 'estressa', 'eu', 'vou', 'pra', 'um', 'lugar', 'onde', 'só', 'entra', 'o', 'que', 'interessa', 'e', 'sem', 'pressa', 'de', 'aparecer', 'fiz', 'acontecer', 'tudo', 'no', 'seu', 'tempo', 'salve', 'pra', 'quem', 'tá', 'junto', 'quem', 'não', 'tá', 'eu', 'so', 'lamento', 'mas', 'sem', 'ressentimento', 'só', 'tô', 'atrás', 'do', 'meu', 'se', 'nem', 'jesus', 'agradou', 'a', 'todos', 'não', 'vai', 'ser', 'eu', 'então', 'eis', 'me', 'aqui', 'você', 'pode', 'rir', 'mas', 'vamos', 'ver', 'se', 'guenta', 'se', 'vale', 'a', 'pena', 'ou', 'não', 'se', 'não', 'quer', 'arriscar', 'nem', 'tenta', 'então', 'abro', 'a', 'janela', 'o', 'vento', 'bate', 'no', 'meu', 'rosto', 'vim', 'pra', 'dominar', 'o', 'mundo', 'eu', 'acordei', 'disposto', 'mandei', 'os', 'problemas', 'pra', 'puta', 'que', 'pariu', 'se', 'tô', 'com', 'sorriso', 'só', 'isso', 'já', 'vale', 'tiú', '2x', 'sem', 'tempo', 'pra', 'mosca', 'terrorista', 'resbolá', 'vou', 'a', 'frente', 'vou', 'avante', 'tiosão', 'não', 'vou', 'para', 'tem', 'que', 'correr', 'lutar', 'igual', 'potter', 'ga', 'voz', 'aquecida', 'no', 'mic', 'agora', 'eu', 'não', 'vou', 'parar', 'sem', 'se', 'acomodar', 'só', 'vou', 'buscar', 'o', 'meu', 'hoje', 'é', 'realidade', 'nóis', 'venceu', 'o', 'breu', 'ihh', 'sem', 'fica', 'se', 'lamentando', 'só', 'faz', 'a', 'sua', 'o', 'tempo', 'já', 'tá', 'passando', 'e', 'a', 'vida', 'continua', 'sim', 'sigo', 'no', 'sapatin', 'esse', 'é', 'o', 'começo', 'pra', 'quem', 'queria', 'meu', 'fim', 'zé', 'povin', 'wow', 'que', 'não', 'teve', 'competência', 'falando', 'no', 'meu', 'nome', 'cê', 'me', 'da', 'só', 'audiência', 'paciência', 'tô', 'no', 'corre', 'do', 'louco', 'pra', 'você', 'que', 'fala', 'muito', 'e', 'não', 'faz', 'nem', 'um', 'pouco', 'abro', 'a', 'janela', 'o', 'vento', 'bate', 'no', 'meu', 'rosto', 'vim', 'pra', 'dominar', 'o', 'mundo', 'eu', 'acordei', 'disposto', 'mandei', 'os', 'problemas', 'pra', 'puta', 'que', 'pariu', 'se', 'tô', 'com', 'sorriso', 'só', 'isso', 'já', 'vale', 'tio', '2x']"
Pollo,"['Hip Hop', 'Rap', 'Romântico']",Vim Pra Dominar o Mundo,2012,Radar Records,Trama,"['refrão', 'adr', 'e', 'você', 'fala', 'que', 'gosta', 'mas', 'eu', 'sei', 'que', 'ama', 'a', 'noite', 'sozinha', 'meu', 'nome', 'que', 'cê', 'chama', 'diz', 'que', 'eu', 'sou', 'metido', 'e', 'me', 'me', 'acho', 'demais', 'mas', 'não', 'desiste', 'e', 'continua', 'a', 'vir', 'correndo', 'atrás', 'fe', 'chagas', 'e', 'você', 'fala', 'que', 'gosta', 'mas', 'eu', 'sei', 'que', 'ama', 'trama', 'um', 'plano', 'só', 'pra', 'tentar', 'me', 'levar', 'pra', 'cama', 'você', 'é', 'metido', 'mas', 'eu', 'gosto', 'assim', 'para', 'de', 'bobeira', 'e', 'volta', 'logo', 'para', 'mim', 'adr', 'e', 'eu', 'confesso', 'que', 'gosto', 'quando', 'passo', 'e', 'você', 'olha', 'mesmo', 'com', 'o', 'namorado', 'do', 'seu', 'lado', 'na', 'encolha', 'vacilão', 'sei', 'que', 'é', 'natural', 'cê', 'quase', 'que', 'não', 'tem', 'escolha', 'mas', 'para', 'mim', 'é', 'diferente', 'hoje', 'eu', 'já', 'virei', 'a', 'folha', 'sei', 'que', 'cê', 'pensa', 'em', 'mim', 'quando', 'deita', 'no', 'travesseiro', 'não', 'sabe', 'o', 'que', 'tá', 'fazendo', 'com', 'esse', 'seu', 'companheiro', 'mas', 'graças', 'a', 'deus', 'nesse', 'jogo', 'eu', 'fui', 'ligeiro', 'antes', 'de', 'ser', 'mais', 'um', 'foi', 'eu', 'que', 'larguei', 'primeiro', 'hoje', 'em', 'dia', 'você', 'vê', 'minha', 'vida', 'como', 'é', 'todo', 'dia', 'sonha', 'em', 'ser', 'de', 'novo', 'minha', 'mulher', 'mesmo', 'quando', 'fala', 'mal', 'de', 'mim', 'pelas', 'costas', 'se', 'eu', 'estalo', 'o', 'dedo', 'você', 'volta', 'eu', 'faço', 'aposta', 'refrão', 'adr', 'e', 'você', 'fala', 'que', 'gosta', 'mas', 'eu', 'sei', 'que', 'ama', 'a', 'noite', 'sozinha', 'meu', 'nome', 'que', 'cê', 'chama', 'diz', 'que', 'eu', 'sou', 'metido', 'e', 'me', 'me', 'acho', 'demais', 'mas', 'não', 'desiste', 'e', 'continua', 'a', 'vir', 'correndo', 'atrás', 'fe', 'chagas', 'e', 'você', 'fala', 'que', 'gosta', 'mas', 'eu', 'sei', 'que', 'ama', 'trama', 'um', 'plano', 'só', 'pra', 'tentar', 'me', 'levar', 'pra', 'cama', 'você', 'é', 'metido', 'mas', 'eu', 'gosto', 'assim', 'para', 'de', 'bobeira', 'e', 'volta', 'logo', 'para', 'mim', 'adr', 'não', 'aguenta', 'nem', 'ouvir', 'o', 'nome', 'da', 'minha', 'atual', 'sabe', 'que', 'estamos', 'bem', 'e', 'você', 'finge', 'não', 'estar', 'mal', 'aham', 'acredita', 'no', 'feliz', 'pra', 'sempre', 'no', 'final', 'e', 'eu', 'que', 'pensava', 'que', 'para', 'você', 'isso', 'era', 'normal', 'na', 'sua', 'vida', 'nada', 'nunca', 'dá', 'certo', 'né', 'fia', 'né', 'fia', 'crises', 'do', 'dia', 'a', 'dia', 'só', 'aumentam', 'sua', 'agonia', 'evolução', 'nunca', 'fez', 'parte', 'do', 'seu', 'dicionário', 'a', 'sua', 'cara', 'é', 'mesmo', 'ficar', 'ai', 'com', 'esse', 'otário', 'esse', 'mané', 'mó', 'ramelão', 'o', 'que', 'cê', 'quér', 'ele', 'diz', 'que', 'não', 'cê', 'diz', 'até', 'ser', 'culpa', 'do', 'coração', 'e', 'ainda', 'tem', 'fé', 'que', 'nada', 'foi', 'em', 'vão', 'refrão', 'adr', 'e', 'você', 'fala', 'que', 'gosta', 'mas', 'eu', 'sei', 'que', 'ama', 'a', 'noite', 'sozinha', 'meu', 'nome', 'que', 'cê', 'chama', 'diz', 'que', 'eu', 'sou', 'metido', 'e', 'me', 'me', 'acho', 'demais', 'mas', 'não', 'desiste', 'e', 'continua', 'a', 'vir', 'correndo', 'atrás', 'fe', 'chagas', 'e', 'você', 'fala', 'que', 'gosta', 'mas', 'eu', 'sei', 'que', 'ama', 'trama', 'um', 'plano', 'só', 'pra', 'tentar', 'me', 'levar', 'pra', 'cama', 'você', 'é', 'metido', 'mas', 'eu', 'gosto', 'assim', 'para', 'de', 'bobeira', 'e', 'volta', 'logo', 'para', 'mim', 'tomim', 'você', 'sente', 'saudade', 'e', 'até', 'hoje', 'você', 'me', 'ama', 'não', 'não', 'tenho', 'fama', 'nem', 'dolce', 'gabbana', 'mas', 'dou', 'show', 'na', 'cama', 'ex', 'primeira', 'dama', 'sua', 'frágilidade', 'foi', 'exposta', 'o', 'neguin', 'te', 'tira', 'o', 'ar', 'te', 'deixa', 'sem', 'resposta', 'esnobo', 'e', 'você', 'gosta', 'fala', 'mas', 'não', 'encosta', 'o', 'que', 'a', 'gente', 'teve', 'foi', 'apenas', 'uma', 'amostra', 'do', 'que', 'eu', 'quero', 'pra', 'mim', 'mas', 'não', 'foi', 'assim', 'infelizmente', 'uma', 'hora', 'chega', 'e', 'chegou', 'o', 'fim']"
Pollo,"['Hip Hop', 'Rap', 'Romântico']",Vim Pra Dominar o Mundo,2012,Radar Records,Vagalumes (part. Ivo Mozart),"['vou', 'caçar', 'mais', 'de', 'um', 'milhão', 'de', 'vagalumes', 'por', 'aí', 'pra', 'te', 'ver', 'sorrir', 'eu', 'posso', 'colorir', 'o', 'céu', 'de', 'outra', 'cor', 'eu', 'só', 'quero', 'amar', 'você', 'e', 'quando', 'amanhecer', 'eu', 'quero', 'acordar', 'do', 'seu', 'lado', 'vou', 'escrever', 'mais', 'de', 'um', 'milhão', 'de', 'canções', 'pra', 'você', 'ouvir', 'que', 'meu', 'amor', 'é', 'teu', 'teu', 'sorriso', 'me', 'faz', 'sorrir', 'vou', 'de', 'marte', 'até', 'a', 'lua', 'cê', 'sabe', 'já', 'tô', 'na', 'tua', 'não', 'cabe', 'tanta', 'saudade', 'essa', 'verdade', 'nua', 'e', 'crua', 'eu', 'sei', 'o', 'que', 'eu', 'faço', 'nosso', 'caminho', 'eu', 'traço', 'um', 'casal', 'fora', 'da', 'lei', 'ocupando', 'o', 'mesmo', 'espaço', 'se', 'eu', 'to', 'contigo', 'não', 'ligo', 'se', 'o', 'sol', 'não', 'aparecer', 'é', 'que', 'não', 'faz', 'sentido', 'caminhar', 'sem', 'dar', 'a', 'mão', 'pra', 'você', 'teu', 'sonho', 'impossível', 'vai', 'ser', 'realidade', 'sei', 'que', 'o', 'mundo', 'tá', 'terrível', 'mas', 'não', 'vai', 'ser', 'a', 'maldade', 'que', 'vai', 'me', 'tirar', 'de', 'você', 'eu', 'faço', 'você', 'ver', 'pra', 'tu', 'sorrir', 'eu', 'faço', 'o', 'mundo', 'inteiro', 'saber', 'que', 'eu', 'vou', 'caçar', 'mais', 'de', 'um', 'milhão', 'de', 'vagalumes', 'por', 'aí', 'e', 'pra', 'te', 'ver', 'sorrir', 'eu', 'posso', 'colorir', 'o', 'céu', 'de', 'outra', 'cor', 'eu', 'só', 'quero', 'amar', 'você', 'e', 'quando', 'amanhecer', 'eu', 'quero', 'acordar', 'do', 'seu', 'lado', 'pra', 'ter', 'o', 'teu', 'sorriso', 'descubro', 'o', 'paraíso', 'é', 'só', 'eu', 'ver', 'sua', 'boca', 'que', 'eu', 'perco', 'o', 'juízo', 'por', 'inteiro', 'sentimento', 'verdadeiro', 'eu', 'e', 'você', 'ao', 'som', 'de', 'janelle', 'monáe', 'vem', 'deixa', 'acontecer', 'me', 'abraça', 'que', 'o', 'tempo', 'não', 'passa', 'quando', 'cê', 'tá', 'perto', 'dá', 'a', 'mão', 'e', 'vem', 'comigo', 'que', 'eu', 'vejo', 'como', 'eu', 'tô', 'certo', 'eu', 'digo', 'que', 'te', 'amo', 'cê', 'pede', 'algo', 'impossível', 'levanta', 'da', 'sua', 'cama', 'hoje', 'o', 'céu', 'está', 'incrível', 'vou', 'caçar', 'mais', 'de', 'um', 'milhão', 'de', 'vagalumes', 'por', 'aí', 'e', 'pra', 'te', 'ver', 'sorrir', 'eu', 'posso', 'colorir', 'o', 'céu', 'de', 'outra', 'cor', 'eu', 'só', 'quero', 'amar', 'você', 'e', 'quando', 'amanhecer', 'eu', 'quero', 'acordar', 'do', 'seu', 'lado', 'faço', 'dos', 'teus', 'braços', 'um', 'lugar', 'mais', 'seguro', 'procurei', 'paz', 'em', 'outro', 'abraço', 'não', 'achei', 'eu', 'juro', 'saio', 'do', 'compasso', 'passo', 'apuros', 'que', 'vier', 'abro', 'a', 'janela', 'pra', 'que', 'você', 'possa', 'ver', 'vou', 'caçar', 'mais', 'de', 'um', 'milhão', 'de', 'vagalumes', 'por', 'aí', 'pra', 'te', 'ver', 'sorrir', 'eu', 'posso', 'colorir', 'o', 'céu', 'de', 'outra', 'cor', 'eu', 'só', 'quero', 'amar', 'você', 'e', 'quando', 'amanhecer', 'eu', 'quero', 'acordar', 'do', 'seu', 'lado']"
Pollo,"['Hip Hop', 'Rap', 'Romântico']",Vim Pra Dominar o Mundo,2012,Radar Records,Piritubacity,"['é', 'o', 'contraste', 'da', 'mansão', 'reboque', 'pela', 'metade', 'aqui', 'uns', 'vivem', 'de', 'ilusão', 'outros', 'preferem', 'encarar', 'a', 'verdade', 'se', 'sente', 'a', 'vontade', 'quem', 'sai', 'tem', 'saudade', 'e', 'lá', 'pico', 'do', 'jaraguá', 'completa', 'nossa', 'paisagem', 'aí', 'pera', 'aí', 'vamos', 'fazer', 'por', 'parte', 'as', 'margens', 'de', 'outra', 'cidade', 'mas', 'ainda', 'tamo', 'em', 'sampa', 'aqui', 'não', 'é', 'interior', 'então', 'pesquisa', 'primeiro', 'anta', 'as', 'mina', 'que', 'se', 'faz', 'de', 'santa', 'pros', 'maloca', 'quer', 'ser', 'janta', 'a', 'maioria', 'não', 'se', 'salva', 'mas', 'tem', 'umas', 'que', 'encanta', 'espanta', 'tanta', 'rapa', 'com', 'as', 'banca', 'é', 'só', 'moleque', 'zica', 'daqui', 'a', 'gente', 'não', 'sai', 'e', 'quem', 'visita', 'fica', 'e', 'pra', 'que', 'férias', 'em', 'ubatuba', 'se', 'eu', 'moro', 'em', 'paristuba', 'que', 'é', 'brilhante', 'a', 'luz', 'do', 'dia', 'e', 'ofuscante', 'a', 'luz', 'da', 'lua', 'tem', 'casa', 'humilde', 'de', 'maderite', 'tem', 'mansão', 'e', 'os', 'grafite', 'aqui', 'é', 'tudo', 'misturado', 'isso', 'é', 'piritubacity', 'tem', 'as', 'de', 'fé', 'e', 'as', 'piriguete', 'boy', 'de', 'fit', 'uns', 'porta', 'o', 'kit', 'aqui', 'é', 'tudo', 'misturado', 'isso', 'é', 'piritubacity', 'casa', 'humilde', 'de', 'maderite', 'mansão', 'e', 'os', 'grafite', 'tudo', 'misturado', 'isso', 'é', 'piritubacity', 'tem', 'de', 'fé', 'e', 'piriguete', 'de', 'fit', 'ou', 'portando', 'o', 'kit', 'tudo', 'misturado', 'isso', 'é', 'piritubacity', 'piritubacity', 'isso', 'é', 'piritubacity', 'piritubacity', 'isso', 'é', 'piritubacity', 'da', 'onde', 'eu', 'venho', 'mulecot', 'tira', 'cg', 'de', 'giro', 'as', 'tia', 'doida', 'gritando', 'pensando', 'logo', 'que', 'é', 'tiro', 'barulho', 'de', 'nextel', 'tem', 'treta', 'pipa', 'no', 'céu', 'desce', 'os', 'menino', 'arrumado', 'banho', 'tomado', 'e', 'gel', 'aqui', 'a', 'verdade', 'não', 'dói', 'joga', 'um', 'fute', 'de', 'rua', 'ganha', 'o', 'refri', 'dos', 'boy', 'roi', 'se', 'vê', 'nois', 'recua', 'e', 'os', 'cara', 'é', 'chique', 'celular', 'da', 'china', 'ouvindo', 'funk', 'é', '4', 'chip', 'diretamente', 'agora', 'é', 'piritubacity', 'foda', 'se', 'o', 'calor', 'olho', 'em', 'volta', 'só', 'maderite', 'onde', 'quem', 'tem', 'carro', 'tiririca', 'é', 'brad', 'pitt', 'pixação', 'skate', 'a', 'milhão', 'só', 'vagabundo', 'em', 'ação', 'maloqueiro', 'nato', 'de', 'fato', 'se', 'sabe', 'jão', 'ramelou', 'aqui', 'desculpa', 'amigo', 'não', 'tem', 'trato', 'zé', 'povin', 'é', 'mato', 'sem', 'espaço', 'pra', 'novato', 'então', 'vai', 'que', 'é', 'pau', 'no', 'gato', 'tem', 'casa', 'humilde', 'de', 'maderite', 'tem', 'mansão', 'e', 'os', 'grafite', 'aqui', 'é', 'tudo', 'misturado', 'isso', 'é', 'piritubacity', 'tem', 'as', 'de', 'fé', 'e', 'as', 'piriguete', 'boy', 'de', 'fit', 'uns', 'porta', 'o', 'kit', 'aqui', 'é', 'tudo', 'misturado', 'isso', 'é', 'piritubacity', 'casa', 'humilde', 'de', 'maderite', 'mansão', 'e', 'os', 'grafite', 'tudo', 'misturado', 'isso', 'é', 'piritubacity', 'tem', 'de', 'fé', 'e', 'piriguete', 'de', 'fit', 'ou', 'portando', 'o', 'kit', 'tudo', 'misturado', 'isso', 'é', 'piritubacity', 'piritubacity', 'isso', 'é', 'piritubacity', 'piritubacity', 'isso', 'é', 'piritubacity']"
